zip,zid,latitude,longitude,cost/rent,status,address,bed,bath,area,zestimate,Type:,Year built:,Heating:,Cooling:,Parking:,Lot:,Price/sqft:,SaleHistory
75206,26732202,32.837248,-96.766876,"$378,900",For sale,"5820 Palm Ln, Dallas, TX 75206",3,2,1283,388433,Single Family,1945,Forced air,Central,1 space,"6,708 sqft",$295,"[{'date': '5/21/2019', 'event': 'Listed for sale', 'price': '$378,900(-2.6%)'}, {'date': '3/29/2019', 'event': 'Listing removed', 'price': '$388,900--'}, {'date': '3/21/2019', 'event': 'Price change', 'price': '$388,900(-2.4%)'}, {'date': '1/30/2019', 'event': 'Price change', 'price': '$398,500(-2.8%)'}, {'date': '1/7/2019', 'event': 'Price change', 'price': '$409,900(-1.2%)'}]"
75206,69674910,32.814774,-96.775611,"$699,000",For sale,"2020 Cullen Dr, Dallas, TX 75206",4,3,2201,430309,Single Family,2005,Forced air,Central,2 spaces,"7,492 sqft",$318,"[{'date': '5/21/2019', 'event': 'Listed for sale', 'price': '$699,000(+115.1%)'}, {'date': '7/23/2013', 'event': 'Sold', 'price': '----'}, {'date': '6/1/2013', 'event': 'Listed for sale', 'price': '$325,000(-1.5%)'}, {'date': '6/23/2012', 'event': 'Listing removed', 'price': '$330,000--'}, {'date': '5/1/2012', 'event': 'Listed for sale', 'price': '$330,000--'}]"
75206,26704474,32.829318,-96.778761,"$1,050,000",For sale,"5323 Morningside Ave, Dallas, TX 75206",4,3,3703,974180,Single Family,2010,Forced air,Central,2 spaces,"7,797 sqft",$284,"[{'date': '5/20/2019', 'event': 'Listed for sale', 'price': '$1,050,000(+16.8%)'}, {'date': '4/13/2016', 'event': 'Listing removed', 'price': '$899,000--'}, {'date': '3/17/2016', 'event': 'Pending sale', 'price': '$899,000--'}, {'date': '3/2/2016', 'event': 'Price change', 'price': '$899,000(-3.2%)'}, {'date': '2/11/2016', 'event': 'Listed for sale', 'price': '$929,000--'}]"
75206,26689867,32.816383,-96.766228,"$399,900",For sale,"5843 Richmond Ave, Dallas, TX 75206",3,2,1891,,Single Family,1926,Forced air,Central,1 space,"9,147 sqft",$211,
75206,26692175,32.817527,-96.784898,"$625,000",For sale,"5103 Alcott St, Dallas, TX 75206",3,4,2148,578216,Single Family,1940,Forced air,Central,2 spaces,"5,227 sqft",$291,"[{'date': '5/17/2019', 'event': 'Listed for sale', 'price': '$625,000--'}, {'date': '4/11/2019', 'event': 'Listed for sale', 'price': '$625,000(+25.3%)'}, {'date': '8/14/2015', 'event': 'Sold', 'price': '----'}, {'date': '7/31/2015', 'event': 'Pending sale', 'price': '$499,000--'}, {'date': '6/27/2015', 'event': 'Listed for sale', 'price': '$499,000(+16%)'}]"
75206,60346525,32.824244,-96.77876,"$940,000",For sale,"5328 Vanderbilt Ave, Dallas, TX 75206",4,5,3270,923319,Single Family,2005,Forced air,Central,2 spaces,"7,230 sqft",$287,"[{'date': '5/17/2019', 'event': 'Listed for sale', 'price': '$940,000(+33.3%)'}, {'date': '2/26/2014', 'event': 'Sold', 'price': '$705,000--'}, {'date': '1/23/2014', 'event': 'Listed for sale', 'price': '$705,000(+8.5%)'}, {'date': '8/13/2012', 'event': 'Sold', 'price': '----'}, {'date': '6/1/2012', 'event': 'Price change', 'price': '$650,000(-3.7%)'}]"
75206,26690726,32.819975,-96.774943,"$485,000",For sale,"5458 Willis Ave, Dallas, TX 75206",3,2,1434,484943,Single Family,1930,Forced air,Central,2 spaces,"7,797 sqft",$338,"[{'date': '5/16/2019', 'event': 'Listed for sale', 'price': '$485,000(+13.1%)'}, {'date': '7/15/2016', 'event': 'Sold', 'price': '----'}, {'date': '6/4/2016', 'event': 'Pending sale', 'price': '$429,000--'}, {'date': '6/2/2016', 'event': 'Back on market', 'price': '$429,000--'}, {'date': '5/28/2016', 'event': 'Pending sale', 'price': '$429,000--'}]"
75206,26695585,32.823763,-96.783302,"$590,000",For sale,"5137 Goodwin Ave, Dallas, TX 75206",3,3,2057,615126,Single Family,1926,Forced air,"Central, Other",1 space,"8,189 sqft",$287,"[{'date': '5/15/2019', 'event': 'Listed for sale', 'price': '$590,000--'}, {'date': '5/25/2018', 'event': 'Listing removed', 'price': '$3,800--'}, {'date': '5/6/2018', 'event': 'Listed for rent', 'price': '$3,800--'}, {'date': '12/1/2016', 'event': 'Listing removed', 'price': '$500,000--'}, {'date': '11/10/2016', 'event': 'Price change', 'price': '$500,000(-4.8%)'}]"
75206,26695621,32.825733,-96.783135,"$349,900",For sale,"5135 Ridgedale Ave, Dallas, TX 75206",2,2,1154,371091,Single Family,1926,Forced air,Central,1 space,"7,230 sqft",$303,"[{'date': '5/15/2019', 'event': 'Listed for sale', 'price': '$349,900--'}]"
75206,26690640,32.821596,-96.778126,"$430,000",For sale,"5343 Miller Ave, Dallas, TX 75206",3,2,1584,,Single Family,1920,"Forced air, Other",Central,On street,"7,840 sqft",$271,
75206,26704704,32.839475,-96.763164,"$825,000",For sale,"4330 Camden Ave, Dallas, TX 75206",4,3,3491,850018,Single Family,2011,Forced air,Central,2 spaces,"7,361 sqft",$236,"[{'date': '5/15/2019', 'event': 'Listed for sale', 'price': '$825,000(+47.6%)'}, {'date': '1/5/2012', 'event': 'Listing removed', 'price': '$559,000--'}, {'date': '10/26/2011', 'event': 'Price change', 'price': '$559,000(-3.5%)'}, {'date': '9/13/2011', 'event': 'Price change', 'price': '$579,000(-1.7%)'}, {'date': '8/21/2011', 'event': 'Listed for sale', 'price': '$589,000--'}]"
75206,26690492,32.819972,-96.773136,"$455,000",For sale,"5532 Willis Ave, Dallas, TX 75206",2,1,1307,470059,Single Family,1926,Forced air,Central,2 spaces,"7,492 sqft",$348,"[{'date': '5/15/2019', 'event': 'Listed for sale', 'price': '$455,000(+52.2%)'}, {'date': '3/26/2014', 'event': 'Listing removed', 'price': '$299,000--'}, {'date': '3/5/2014', 'event': 'Listed for sale', 'price': '$299,000(+36.5%)'}, {'date': '7/3/2011', 'event': 'Listing removed', 'price': '$219,000--'}, {'date': '6/10/2011', 'event': 'Listed for sale', 'price': '$219,000--'}]"
75206,26690240,32.823599,-96.765133,"$829,900",For sale,"5914 Goodwin Ave, Dallas, TX 75206",4,4,2741,738189,Single Family,1935,Forced air,Central,No Data,"6,795 sqft",$303,"[{'date': '5/14/2019', 'event': 'Listed for sale', 'price': '$829,900(+88.6%)'}, {'date': '10/23/2018', 'event': 'Sold', 'price': '----'}, {'date': '10/15/2018', 'event': 'Listing removed', 'price': '$440,000--'}, {'date': '10/14/2018', 'event': 'Pending sale', 'price': '$440,000--'}, {'date': '10/3/2018', 'event': 'Listed for sale', 'price': '$440,000(+109.3%)'}]"
75206,26695471,32.826709,-96.781864,"$464,000",For sale,"5211 Monticello Ave, Dallas, TX 75206",2,2,1405,471825,Single Family,1934,Forced air,Central,2 spaces,"7,230 sqft",$330,"[{'date': '5/14/2019', 'event': 'Listed for sale', 'price': '$464,000--'}]"
75206,26704468,32.829313,-96.777597,"$494,900",For sale,"5347 Morningside Ave, Dallas, TX 75206",4,3,2897,,Single Family,1926,Forced air,Wall,2 spaces,"7,405 sqft",$171,
75206,26703642,32.835472,-96.763407,"$499,500",For sale,"6018 Winton St, Dallas, TX 75206",2,3,1760,496409,Single Family,1941,Forced air,Central,2 spaces,"6,708 sqft",$284,"[{'date': '5/13/2019', 'event': 'Listed for sale', 'price': '$499,500(+6.7%)'}, {'date': '9/5/2017', 'event': 'Listing removed', 'price': '$468,000--'}, {'date': '9/1/2017', 'event': 'Listing removed', 'price': '$2,750--'}, {'date': '8/30/2017', 'event': 'Price change', 'price': '$468,000--'}, {'date': '8/7/2017', 'event': 'Listed for rent', 'price': '$2,750--'}]"
75206,26695375,32.82425,-96.774937,"$625,000",For sale,"5458 Vanderbilt Ave, Dallas, TX 75206",3,2,2035,,Single Family,1926,Forced air,Central,2 spaces,"7,971 sqft",$307,
75206,26678861,32.807688,-96.765723,"$459,000",For sale,"5922 Bryan Pkwy, Dallas, TX 75206",3,2,1704,,Single Family,1981,Forced air,Central,2 spaces,"7,187 sqft",$269,
75206,26695690,32.827167,-96.77112,"$619,000",For sale,"5622 Merrimac Ave, Dallas, TX 75206",3,2,2180,,Single Family,1926,Forced air,Central,2 spaces,"7,274 sqft",$284,
75206,26690046,32.815119,-96.763543,"$900,000",For sale,"6003 Prospect Ave, Dallas, TX 75206",4,3,3749,,Single Family,2005,Forced air,Central,3 spaces,"8,712 sqft",$240,
75206,26690795,32.818368,-96.779253,"$385,000",For sale,"5315 Bonita Ave, Dallas, TX 75206",4,2,1890,,Single Family,1930,Forced air,Wall,1 space,"9,888 sqft",$204,
75206,26689783,32.818992,-96.765361,"$1,090,000",For sale,"5909 Goliad Ave, Dallas, TX 75206",4,5,4805,1125042,Single Family,1929,Forced air,Central,3 spaces,0.29 acres,$227,
75206,26702920,32.828618,-96.762431,"$525,000",For sale,"6026 Morningside Ave, Dallas, TX 75206",3,1,1780,,Single Family,1937,Forced air,Central,2 spaces,"7,840 sqft",$295,
75206,26691644,32.820521,-96.782036,"$739,000",For sale,"5205 Willis Ave, Dallas, TX 75206",4,3,2300,,Single Family,1923,Forced air,Central,1 space,"7,797 sqft",$321,
75206,26690650,32.821593,-96.779755,"$940,000",For sale,"5301 Miller Ave, Dallas, TX 75206",4,3,3167,,Single Family,2008,Forced air,Central,2 spaces,"8,015 sqft",$297,
75206,26690784,32.818378,-96.777591,"$965,000",For sale,"5353 Bonita Ave, Dallas, TX 75206",5,5,3754,,Single Family,2006,Forced air,Refrigeration,3 spaces,"9,801 sqft",$257,
75206,26690384,32.821607,-96.772138,"$999,000",For sale,"5601 Miller Ave, Dallas, TX 75206",5,4,4359,979903,Single Family,1913,Forced air,Central,3 spaces,"8,015 sqft",$229,"[{'date': '5/2/2019', 'event': 'Listed for sale', 'price': '$999,000(+36.8%)'}, {'date': '7/28/2015', 'event': 'Sold', 'price': '$730,000(-7.3%)'}, {'date': '7/27/2015', 'event': 'Listing removed', 'price': '$787,500--'}, {'date': '6/25/2015', 'event': 'Pending sale', 'price': '$787,500--'}, {'date': '5/18/2015', 'event': 'Listed for sale', 'price': '$787,500--'}]"
75206,26690861,32.817517,-96.776765,"$369,900",For sale,"5415 Belmont Ave, Dallas, TX 75206",2,1,1152,,Single Family,1940,Forced air,Other,1 space,"7,187 sqft",$321,
75206,26692286,32.817528,-96.786274,"$750,000",For sale,"5029 Milam St, Dallas, TX 75206",3,4,2882,,Single Family,1939,Forced air,Central,1 space,"5,880 sqft",$260,
75206,26695197,32.824254,-96.771643,"$647,000",For sale,"5614 Vanderbilt Ave, Dallas, TX 75206",5,3,2585,,Single Family,1926,Forced air,Central,1 space,"7,248 sqft",$250,
75206,26703931,32.8342,-96.765836,"$770,000",For sale,"5845 Ellsworth Ave, Dallas, TX 75206",4,3,2348,785136,Single Family,1940,Forced air,Central,2 spaces,"6,664 sqft",$328,"[{'date': '5/16/2019', 'event': 'Price change', 'price': '$770,000(-1.9%)'}, {'date': '4/26/2019', 'event': 'Listed for sale', 'price': '$785,000--'}]"
75206,162813456,32.83113,-96.771893,"$699,500",For sale,"5605 Longview St, Dallas, TX 75206",3,4,2719,,Single Family,2014,Forced air,Central,2 spaces,"3,920 sqft",$257,
75206,26690276,32.822668,-96.763845,"$899,900",For sale,"5946 Vickery Blvd, Dallas, TX 75206",4,3,3155,,Single Family,1935,Forced air,Central,2 spaces,"6,708 sqft",$285,
75206,26690285,32.822269,-96.765152,"$830,000",For sale,"5915 Llano Ave, Dallas, TX 75206",5,4,3734,,Single Family,2006,Forced air,Central,2 spaces,"6,969 sqft",$222,
75206,26690643,32.821596,-96.778609,"$595,000",For sale,"5331 Miller Ave, Dallas, TX 75206",4,4,2171,588839,Single Family,2004,Forced air,Other,4 spaces,"8,015 sqft",$274,"[{'date': '4/25/2019', 'event': 'Listing removed', 'price': '$3,950--'}, {'date': '4/25/2019', 'event': 'Listed for sale', 'price': '$595,000--'}, {'date': '2/21/2019', 'event': 'Listed for rent', 'price': '$3,950--'}, {'date': '2/20/2019', 'event': 'Listing removed', 'price': '$499,999--'}, {'date': '2/19/2019', 'event': 'Pending sale', 'price': '$499,999--'}]"
75206,26695352,32.824776,-96.775936,"$729,000",For sale,"5435 Vanderbilt Ave, Dallas, TX 75206",4,3,2482,735217,Single Family,1924,Forced air,Central,2 spaces,"7,230 sqft",$294,"[{'date': '5/14/2019', 'event': 'Price change', 'price': '$729,000(-4%)'}, {'date': '5/10/2019', 'event': 'Price change', 'price': '$759,000(-2.1%)'}, {'date': '4/24/2019', 'event': 'Listed for sale', 'price': '$775,000(+40.9%)'}, {'date': '4/1/2013', 'event': 'Sold', 'price': '----'}, {'date': '2/26/2013', 'event': 'Listing removed', 'price': '$550,000--'}]"
75206,26690832,32.817951,-96.774244,"$775,000",For sale,"5510 Bonita Ave, Dallas, TX 75206",3,3,2885,,Single Family,2005,Forced air,Central,2 spaces,"7,187 sqft",$269,
75206,26694835,32.828237,-96.769328,"$539,000",For sale,"5719 Mercedes Ave, Dallas, TX 75206",2,2,1550,,Single Family,1946,Forced air,Central,2 spaces,"6,969 sqft",$348,
75206,26689201,32.810347,-96.765798,"$365,000",For sale,"5925 Hudson St, Dallas, TX 75206",,1,1050,,Single Family,1930,Gas,Wall,No Data,"6,141 sqft",$348,
75206,26703569,32.83104,-96.761732,"$549,000",For sale,"6051 Revere Pl, Dallas, TX 75206",3,3,2549,,Single Family,1947,Forced air,Central,2 spaces,"6,534 sqft",$215,
75206,67961874,32.813726,-96.763559,"$450,000",For sale,"6006 Oram St SUITE B, Dallas, TX 75206",3,4,1915,,Single Family,2003,"Forced air, Other",Central,2 spaces,"2,613 sqft",$235,
75206,26694809,32.827275,-96.769819,"$425,000",For sale,"5709 Monticello Ave, Dallas, TX 75206",3,1,1198,,Single Family,1924,Forced air,Central,Detached Garage,"7,230 sqft",$355,
75206,26702970,32.826255,-96.762148,"$910,000",For sale,"6035 Marquita Ave, Dallas, TX 75206",4,4,3639,,Single Family,2007,Forced air,Central,2 spaces,"7,492 sqft",$250,
75206,80239849,32.815204,-96.784183,"$565,000",For sale,"5009 Mission Ave, Dallas, TX 75206",3,3,2188,,Single Family,2005,Forced air,Other,2 spaces,"3,484 sqft",$258,
75206,26690932,32.815604,-96.776287,"$799,000",For sale,"5427 Melrose Ave, Dallas, TX 75206",3,4,2779,,Single Family,2019,Forced air,Central,2 spaces,"3,484 sqft",$288,
75206,26695752,32.828493,-96.774153,"$799,000",For sale,"5511 Mercedes Ave, Dallas, TX 75206",4,4,3349,799532,Single Family,1927,Forced air,Central,1 space,"7,797 sqft",$239,"[{'date': '4/12/2019', 'event': 'Listed for sale', 'price': '$799,000(+14.3%)'}, {'date': '7/21/2013', 'event': 'Listing removed', 'price': '$699,000--'}, {'date': '6/22/2013', 'event': 'Price change', 'price': '$699,000(-2.8%)'}, {'date': '6/3/2013', 'event': 'Price change', 'price': '$719,000(-6.5%)'}, {'date': '5/14/2013', 'event': 'Listed for sale', 'price': '$769,000--'}]"
75206,26703954,32.83344,-96.767373,"$799,000",For sale,"5811 Kenwood Ave, Dallas, TX 75206",4,4,2854,792239,Single Family,2012,Forced air,Central,1 space,"6,969 sqft",$280,"[{'date': '4/24/2019', 'event': 'Price change', 'price': '$799,000(-6%)'}, {'date': '4/12/2019', 'event': 'Listed for sale', 'price': '$850,000(+21.4%)'}, {'date': '7/20/2016', 'event': 'Listing removed', 'price': '$699,900--'}, {'date': '7/13/2016', 'event': 'Listed for sale', 'price': '$699,900--'}]"
75206,26702877,32.827661,-96.763323,"$619,000",For sale,"6006 Mercedes Ave, Dallas, TX 75206",3,2,1827,615816,Single Family,1926,Forced air,Central,1 space,"7,100 sqft",$339,"[{'date': '4/11/2019', 'event': 'Listed for sale', 'price': '$619,000(+25.1%)'}, {'date': '6/12/2015', 'event': 'Sold', 'price': '----'}, {'date': '5/6/2015', 'event': 'Pending sale', 'price': '$495,000--'}, {'date': '5/1/2015', 'event': 'Listed for sale', 'price': '$495,000(+21%)'}, {'date': '7/3/2012', 'event': 'Listing removed', 'price': '$409,000--'}]"
75206,26695570,32.824235,-96.783796,"$589,000",For sale,"5118 Vanderbilt Ave, Dallas, TX 75206",3,2,1952,576831,Single Family,1926,Forced air,Central,2 spaces,"7,230 sqft",$302,"[{'date': '5/4/2019', 'event': 'Price change', 'price': '$589,000(-1%)'}, {'date': '4/11/2019', 'event': 'Listed for sale', 'price': '$595,000(+4.6%)'}, {'date': '4/11/2017', 'event': 'Sold', 'price': '----'}, {'date': '3/10/2017', 'event': 'Pending sale', 'price': '$569,000--'}, {'date': '3/8/2017', 'event': 'Listed for sale', 'price': '$569,000(+1.6%)'}]"
75206,26690151,32.823216,-96.766927,"$750,000",For sale,"5821 Vickery Blvd, Dallas, TX 75206",3,25,2822,,Single Family,2010,Forced air,Central,2 spaces,"8,000 sqft",$266,
75206,83995316,32.834379,-96.772089,"$664,500",For sale,"5600 Anita St, Dallas, TX 75206",4,5,3411,,Single Family,2006,Forced air,Central,2 spaces,"3,615 sqft",$195,
75206,26900006,32.827126,-96.775685,"$939,000",For sale,"5434 Merrimac Ave, Dallas, TX 75206",5,4,3241,,Single Family,1999,Forced air,Central,2 spaces,"7,623 sqft",$290,
75206,26732258,32.838648,-96.767577,"$1,149,000",For sale,"5803 Ravendale Ln, Dallas, TX 75206",5,6,5289,,Single Family,1947,Forced air,Central,6 spaces,"9,191 sqft",$217,
75206,26693526,32.816004,-96.772137,"$629,900",For sale,"5602 Richmond Ave, Dallas, TX 75206",3,2,2206,,Single Family,1926,Forced air,Central,2 spaces,"10,193 sqft",$286,
75206,26704587,32.830179,-96.77885,"$575,000",For sale,"5321 Mccommas Blvd, Dallas, TX 75206",3,2,1596,,Single Family,1937,Forced air,Central,2 spaces,"7,187 sqft",$360,
75206,26690376,32.821613,-96.77083,"$784,000",For sale,"5631 Miller Ave, Dallas, TX 75206",4,3,3123,,Single Family,2004,Forced air,Central,2 spaces,"8,015 sqft",$251,
75206,60331423,32.822282,-96.76997,"$775,000",For sale,"5703 Llano Ave, Dallas, TX 75206",3,21,2995,,Single Family,2001,Forced air,Central,2 spaces,"6,708 sqft",$259,
75206,26702876,32.82766,-96.763156,"$805,000",For sale,"6010 Mercedes Ave, Dallas, TX 75206",4,4,2709,,Single Family,1948,Forced air,Central,2 spaces,"7,100 sqft",$297,
75206,26732230,32.83773,-96.767048,"$409,900",For sale,"5815 Palm Ln, Dallas, TX 75206",2,1,1306,,Single Family,1941,Forced air,Central,4 spaces,"7,100 sqft",$314,
75206,26692170,32.8181,-96.784495,"$835,000",For sale,"5123 Alcott St, Dallas, TX 75206",3,4,2224,,Single Family,2007,Other,Central,2 spaces,"7,623 sqft",$375,
75206,26692113,32.816844,-96.782894,"$575,000",For sale,"5127 Mission Ave, Dallas, TX 75206",3,25,2869,,Single Family,2006,Forced air,Central,2 spaces,"3,484 sqft",$200,
75206,26695469,32.826707,-96.782188,"$598,000",For sale,"5203 Monticello Ave, Dallas, TX 75206",2,2,1739,595629,Single Family,1930,Forced air,Central,On street,"7,230 sqft",$344,"[{'date': '5/7/2019', 'event': 'Price change', 'price': '$598,000(-1.3%)'}, {'date': '5/3/2019', 'event': 'Price change', 'price': '$606,000(-1.1%)'}, {'date': '4/25/2019', 'event': 'Price change', 'price': '$613,000(-1%)'}, {'date': '3/29/2019', 'event': 'Listed for sale', 'price': '$619,000(+3.8%)'}, {'date': '9/15/2017', 'event': 'Sold', 'price': '$596,500(-0.4%)'}]"
75206,26695530,32.824762,-96.780907,"$599,900",For sale,"5233 Vanderbilt Ave, Dallas, TX 75206",3,3,2304,590723,Single Family,1926,Forced air,Central,No Data,"7,100 sqft",$260,"[{'date': '4/17/2019', 'event': 'Price change', 'price': '$599,900(-3.2%)'}, {'date': '3/28/2019', 'event': 'Listed for sale', 'price': '$619,900(+42.5%)'}, {'date': '10/1/2013', 'event': 'Listing removed', 'price': '$434,900--'}, {'date': '7/3/2013', 'event': 'Price change', 'price': '$434,900(-3.3%)'}, {'date': '5/25/2013', 'event': 'Listed for sale', 'price': '$449,900(+34.3%)'}]"
75206,26694793,32.826317,-96.768508,"$659,000",For sale,"5739 Marquita Ave, Dallas, TX 75206",4,3,2372,660096,Single Family,1922,Forced air,Central,2 spaces,"7,100 sqft",$278,"[{'date': '5/16/2019', 'event': 'Price change', 'price': '$659,000(-2.4%)'}, {'date': '3/28/2019', 'event': 'Listed for sale', 'price': '$675,000(+45.2%)'}, {'date': '3/12/2015', 'event': 'Sold', 'price': '----'}, {'date': '2/26/2015', 'event': 'Listing removed', 'price': '$465,000--'}, {'date': '2/4/2015', 'event': 'Listed for sale', 'price': '$465,000--'}]"
75206,26703679,32.834325,-96.761705,"$468,000",For sale,"6059 Ellsworth Ave, Dallas, TX 75206",3,2,1743,470777,Single Family,1941,Forced air,Central,4 spaces,"6,708 sqft",$269,"[{'date': '4/12/2019', 'event': 'Pending sale', 'price': '$468,000--'}, {'date': '3/28/2019', 'event': 'Price change', 'price': '$468,000(+6.6%)'}, {'date': '3/28/2019', 'event': 'Listed for sale', 'price': '$439,000(+42.1%)'}, {'date': '9/25/2012', 'event': 'Listing removed', 'price': '$309,000--'}, {'date': '7/28/2012', 'event': 'Listed for sale', 'price': '$309,000(-0.2%)'}]"
75206,26690044,32.815116,-96.763223,"$379,000",For sale,"6011 Prospect Ave, Dallas, TX 75206",4,4,3793,,Single Family,2019,Forced air,Central,Attached Garage,"8,755 sqft",$100,
75206,89368867,32.847242,-96.7674,"$259,900",For sale,"5816 Birchbrook Dr APT 224, Dallas, TX 75206",2,2,1155,257768,Single Family,1970,Other,Central,Carport,3.19 acres,$225,"[{'date': '3/27/2019', 'event': 'Listed for sale', 'price': '$259,900(+39.7%)'}, {'date': '9/24/2012', 'event': 'Listing removed', 'price': '$186,000--'}, {'date': '4/7/2011', 'event': 'Listed for sale', 'price': '$186,000--'}]"
75206,26704409,32.830997,-96.775908,"$659,900",For sale,"5433 Longview St, Dallas, TX 75206",3,4,3154,650841,Single Family,2011,Forced air,Central,2 spaces,"3,833 sqft",$209,"[{'date': '5/8/2019', 'event': 'Price change', 'price': '$659,900(-0.8%)'}, {'date': '4/22/2019', 'event': 'Price change', 'price': '$664,900(-2.2%)'}, {'date': '3/26/2019', 'event': 'Listed for sale', 'price': '$679,900(+10.1%)'}, {'date': '12/21/2017', 'event': 'Sold', 'price': '$617,735(+16.6%)'}, {'date': '7/22/2014', 'event': 'Sold', 'price': '----'}]"
75206,26690572,32.823203,-96.776257,"$820,000",For sale,"5424 Goodwin Ave, Dallas, TX 75206",3,3,3078,,Single Family,1922,Forced air,Central,2 spaces,"8,015 sqft",$266,
75206,26694937,32.826735,-96.766916,"$525,000",For sale,"5822 Monticello Ave, Dallas, TX 75206",3,2,1641,516261,Single Family,1926,Forced air,Central,2 spaces,"7,100 sqft",$320,"[{'date': '5/6/2019', 'event': 'Price change', 'price': '$525,000(-2.4%)'}, {'date': '4/23/2019', 'event': 'Price change', 'price': '$538,000(-1.8%)'}, {'date': '3/25/2019', 'event': 'Listed for sale', 'price': '$548,000--'}, {'date': '2/20/2018', 'event': 'Listing removed', 'price': '$3,600--'}, {'date': '1/30/2018', 'event': 'Price change', 'price': '$3,600(-2.7%)'}]"
75206,26690997,32.822685,-96.782027,"$920,000",For sale,"5207 Vickery Blvd, Dallas, TX 75206",5,3,3472,,Single Family,1926,Forced air,Central,2 spaces,"8,494 sqft",$265,
75206,26690148,32.823217,-96.76643,"$949,900",For sale,"5835 Vickery Blvd, Dallas, TX 75206",4,6,3163,836914,Single Family,2018,Forced air,Central,2 spaces,"6,969 sqft",$300,"[{'date': '4/25/2019', 'event': 'Price change', 'price': '$949,900(-4%)'}, {'date': '3/19/2019', 'event': 'Listed for sale', 'price': '$989,000(+195.2%)'}, {'date': '1/15/2018', 'event': 'Listing removed', 'price': '$335,000--'}, {'date': '1/12/2018', 'event': 'Pending sale', 'price': '$335,000--'}, {'date': '1/12/2018', 'event': 'Listed for sale', 'price': '$335,000--'}]"
75206,26689650,32.818306,-96.769681,"$470,000",For sale,"5708 Goliad Ave, Dallas, TX 75206",2,1,1715,,Single Family,1918,Forced air,Central,3 spaces,"8,494 sqft",$274,
75206,26703702,32.833871,-96.762055,"$425,000",For sale,"6050 Ellsworth Ave, Dallas, TX 75206",2,2,1511,,Single Family,1940,Forced air,Central,2 spaces,"7,187 sqft",$281,
75206,26704415,32.831528,-96.776481,"$595,000",For sale,"5418 Martel Ave, Dallas, TX 75206",3,3,2630,581782,Single Family,2006,Forced air,Central,2 spaces,"3,397 sqft",$226,"[{'date': '2/28/2019', 'event': 'Listed for sale', 'price': '$595,000--'}, {'date': '1/27/2014', 'event': 'Sold', 'price': '----'}]"
75206,162810673,32.817132,-96.770904,"$649,000",For sale,"2208 Lola Ct, Dallas, TX 75206",4,4,2629,,Single Family,2015,Forced air,Central,2 spaces,"2,439 sqft",$247,
75206,26694918,32.827696,-96.7661,"$675,000",For sale,"5842 Mercedes Ave, Dallas, TX 75206",3,3,2583,661721,Single Family,1926,Forced air,Central,2 spaces,"7,056 sqft",$261,"[{'date': '3/27/2019', 'event': 'Back on market', 'price': '$675,000--'}, {'date': '3/27/2019', 'event': 'Pending sale', 'price': '$675,000--'}, {'date': '2/21/2019', 'event': 'Listed for sale', 'price': '$675,000(+4%)'}, {'date': '8/4/2017', 'event': 'Sold', 'price': '----'}, {'date': '7/26/2017', 'event': 'Pending sale', 'price': '$649,000--'}]"
75206,26704132,32.835344,-96.772432,"$547,000",For sale,"5532 Winton St, Dallas, TX 75206",3,3,2580,546825,Single Family,2006,Forced air,Central,2 spaces,"3,920 sqft",$212,"[{'date': '5/15/2019', 'event': 'Price change', 'price': '$547,000(-0.4%)'}, {'date': '2/21/2019', 'event': 'Listed for sale', 'price': '$549,000(-0.2%)'}, {'date': '12/10/2018', 'event': 'Listing removed', 'price': '$549,999--'}, {'date': '11/7/2018', 'event': 'Price change', 'price': '$549,999(-1.8%)'}, {'date': '9/18/2018', 'event': 'Listed for sale', 'price': '$560,000(+47.8%)'}]"
75206,26689227,32.810043,-96.761928,"$839,000",For sale,"6122 Bryan Pkwy, Dallas, TX 75206",4,3,3608,836861,Single Family,1999,Forced air,Central,2 spaces,"7,840 sqft",$233,
75206,26703649,32.835921,-96.76342,"$569,000",For sale,"6019 Winton St, Dallas, TX 75206",3,2,1842,529814,Single Family,1941,Other,Central,2 spaces,"6,403 sqft",$309,"[{'date': '5/14/2019', 'event': 'Price change', 'price': '$569,000(-2.7%)'}, {'date': '2/20/2019', 'event': 'Listed for sale', 'price': '$585,000--'}]"
75206,26690762,32.819496,-96.778279,"$839,000",For sale,"5339 Richard Ave, Dallas, TX 75206",4,4,3903,839535,Single Family,2006,Forced air,Central,2 spaces,"7,492 sqft",$215,"[{'date': '2/19/2019', 'event': 'Listed for sale', 'price': '$839,000(-1.2%)'}, {'date': '1/1/2019', 'event': 'Listing removed', 'price': '$849,000--'}, {'date': '10/17/2018', 'event': 'Price change', 'price': '$849,000(-5.6%)'}, {'date': '9/17/2018', 'event': 'Price change', 'price': '$899,000(-7.8%)'}, {'date': '7/23/2018', 'event': 'Listed for sale', 'price': '$975,000--'}]"
75206,26898414,32.81017,-96.764267,"$431,000",For sale,"5645 Live Oak St, Dallas, TX 75206",3,1,1030,410785,Single Family,1992,Forced air,Central,1 space,"5,706 sqft",$418,"[{'date': '2/18/2019', 'event': 'Listed for sale', 'price': '$431,000(+0.2%)'}, {'date': '9/12/2018', 'event': 'Listing removed', 'price': '$430,000--'}, {'date': '9/12/2017', 'event': 'Listed for sale', 'price': '$430,000--'}]"
75206,26690193,32.822711,-96.767104,"$514,900",For sale,"5818 Vickery Blvd, Dallas, TX 75206",3,3,1694,510950,Single Family,1930,Forced air,Central,2 spaces,"7,013 sqft",$304,"[{'date': '3/25/2019', 'event': 'Price change', 'price': '$514,900(-2.7%)'}, {'date': '2/18/2019', 'event': 'Listed for sale', 'price': '$529,000--'}]"
75206,26690694,32.821013,-96.775273,"$799,000",For sale,"5450 Miller Ave, Dallas, TX 75206",4,35,3996,790696,Single Family,2006,Other,Central,2 spaces,"7,840 sqft",$200,"[{'date': '5/1/2019', 'event': 'Price change', 'price': '$799,000(-3.1%)'}, {'date': '3/11/2019', 'event': 'Price change', 'price': '$824,900(-8.3%)'}, {'date': '2/16/2019', 'event': 'Listed for sale', 'price': '$899,900--'}, {'date': '7/12/2017', 'event': 'Listing removed', 'price': '$4,700--'}, {'date': '6/19/2017', 'event': 'Listed for rent', 'price': '$4,700--'}]"
75206,26703623,32.832724,-96.761892,"$1,075,000",For sale,"6055 Penrose Ave, Dallas, TX 75206",5,35,3464,1131570,Single Family,2016,Forced air,Central,2 spaces,"7,182 sqft",$310,"[{'date': '5/16/2019', 'event': 'Price change', 'price': '$1,075,000(-2.2%)'}, {'date': '2/15/2019', 'event': 'Listed for sale', 'price': '$1,099,000(+20.1%)'}, {'date': '9/30/2016', 'event': 'Sold', 'price': '$915,000(-0.5%)'}, {'date': '9/6/2016', 'event': 'Pending sale', 'price': '$920,000--'}, {'date': '8/24/2016', 'event': 'Listed for sale', 'price': '$920,000(+178.8%)'}]"
75206,26690491,32.819974,-96.773296,"$699,999",For sale,"5528 Willis Ave, Dallas, TX 75206",3,2,1811,661311,Single Family,1926,Forced air,Central,No Data,"7,492 sqft",$387,"[{'date': '5/21/2019', 'event': 'Back on market', 'price': '$699,999--'}, {'date': '5/19/2019', 'event': 'Pending sale', 'price': '$699,999--'}, {'date': '5/6/2019', 'event': 'Price change', 'price': '$699,999(-5%)'}, {'date': '3/18/2019', 'event': 'Price change', 'price': '$737,000(-1.6%)'}, {'date': '2/14/2019', 'event': 'Listed for sale', 'price': '$749,000(+50.1%)'}]"
75206,26689640,32.817743,-96.766698,"$995,000",For sale,"5829 Belmont Ave, Dallas, TX 75206",4,3,3286,945347,Single Family,1918,Forced air,Central,2 spaces,"10,280 sqft",$303,"[{'date': '5/9/2019', 'event': 'Price change', 'price': '$995,000(-0.5%)'}, {'date': '3/26/2019', 'event': 'Price change', 'price': '$1,000,000(-2.4%)'}, {'date': '3/1/2019', 'event': 'Price change', 'price': '$1,025,000(-2.4%)'}, {'date': '2/13/2019', 'event': 'Listed for sale', 'price': '$1,050,000(+31.3%)'}, {'date': '10/6/2016', 'event': 'Listing removed', 'price': '$800,000--'}]"
75206,2085924827,32.809038,-96.769184,"$305,000",For sale,"5617 Lindell Ave, Dallas, TX 75206",2,2,1222,,Single Family,2005,Forced air,No Data,Attached Garage,"7,187 sqft",$250,
75206,26689704,32.821725,-96.761737,"$665,000",For sale,"6046 Llano Ave, Dallas, TX 75206",3,4,2746,665590,Single Family,2001,Forced air,Central,2 spaces,"7,492 sqft",$242,"[{'date': '5/21/2019', 'event': 'Price change', 'price': '$665,000(-1.5%)'}, {'date': '4/25/2019', 'event': 'Price change', 'price': '$675,000(-3.4%)'}, {'date': '2/8/2019', 'event': 'Listed for sale', 'price': '$699,000(-3.6%)'}, {'date': '12/31/2018', 'event': 'Listing removed', 'price': '$725,000--'}, {'date': '11/9/2018', 'event': 'Listed for sale', 'price': '$725,000(+16.9%)'}]"
75206,26690995,32.822685,-96.781865,"$1,099,900",For sale,"5209 Vickery Blvd, Dallas, TX 75206",5,5,4406,,Single Family,2019,Forced air,Central,2 spaces,"4,268 sqft",$250,
75206,162810666,32.81696,-96.771199,"$599,000",For sale,"2204 Chunk Ct, Dallas, TX 75206",3,35,2175,584125,Single Family,2015,Forced air,Central,2 spaces,"2,431 sqft",$275,"[{'date': '2/7/2019', 'event': 'Listed for sale', 'price': '$599,000(-3.4%)'}, {'date': '10/8/2018', 'event': 'Listing removed', 'price': '$620,000--'}, {'date': '7/27/2018', 'event': 'Listed for sale', 'price': '$620,000--'}, {'date': '6/30/2016', 'event': 'Sold', 'price': '----'}]"
75206,26703657,32.834681,-96.7625,"$413,000",For sale,"6038 Anita St, Dallas, TX 75206",2,1,1328,416961,Single Family,1942,Forced air,Central,1 space,"6,708 sqft",$311,"[{'date': '3/29/2019', 'event': 'Price change', 'price': '$413,000(-2.6%)'}, {'date': '2/6/2019', 'event': 'Listed for sale', 'price': '$424,000(+30.5%)'}, {'date': '9/22/2014', 'event': 'Sold', 'price': '----'}, {'date': '8/30/2014', 'event': 'Listing removed', 'price': '$325,000(+8.4%)'}, {'date': '4/26/2009', 'event': 'Listing removed', 'price': '$299,900--'}]"
75206,26898412,32.810001,-96.764471,"$399,000",For sale,"5637 Live Oak St, Dallas, TX 75206",3,1,1014,,Single Family,1992,Forced air,Central,No Data,"5,706 sqft",$393,
75206,53389236,32.836758,-96.765806,"$800,000",For sale,"4203 Delmar Ave, Dallas, TX 75206",4,5,4390,,Single Family,2016,Forced air,Central,3 spaces,"8,145 sqft",$182,
75206,26689507,32.82175,-96.768171,"$875,000",For sale,"5746 Llano Ave, Dallas, TX 75206",4,4,3492,849625,Single Family,2003,Forced air,Central,2 spaces,"7,492 sqft",$251,"[{'date': '4/28/2019', 'event': 'Price change', 'price': '$875,000(-2.7%)'}, {'date': '3/14/2019', 'event': 'Price change', 'price': '$899,000(-4.4%)'}, {'date': '2/11/2019', 'event': 'Price change', 'price': '$939,900(-1.1%)'}, {'date': '1/26/2019', 'event': 'Listed for sale', 'price': '$949,900(+76.2%)'}, {'date': '3/19/2011', 'event': 'Listing removed', 'price': '$539,000--'}]"
75206,26690767,32.819494,-96.779093,"$750,000",For sale,"5319 Richard Ave, Dallas, TX 75206",4,4,2806,681541,Single Family,1921,Forced air,"Central, Refrigeration",Detached Garage,"7,405 sqft",$267,"[{'date': '4/23/2019', 'event': 'Price change', 'price': '$750,000(-2.2%)'}, {'date': '4/12/2019', 'event': 'Price change', 'price': '$767,000(-1.3%)'}, {'date': '3/22/2019', 'event': 'Price change', 'price': '$777,000(-1%)'}, {'date': '2/21/2019', 'event': 'Price change', 'price': '$785,000(-1.5%)'}, {'date': '1/25/2019', 'event': 'Listed for sale', 'price': '$797,000(+195.2%)'}]"
75206,26690232,32.823152,-96.762529,"$879,000",For sale,"6027 Vickery Blvd, Dallas, TX 75206",4,4,3642,854688,Single Family,2005,Forced air,Central,2 spaces,"7,143 sqft",$241,"[{'date': '1/21/2019', 'event': 'Listed for sale', 'price': '$879,000(-2.2%)'}, {'date': '12/1/2018', 'event': 'Listing removed', 'price': '$899,000--'}, {'date': '5/25/2018', 'event': 'Listed for sale', 'price': '$899,000--'}]"
75206,26704100,32.83392,-96.770414,"$535,000",For sale,"5641 Ellsworth Ave, Dallas, TX 75206",3,3,2360,529299,Single Family,2003,Forced air,Central,2 spaces,"4,268 sqft",$227,"[{'date': '4/13/2019', 'event': 'Price change', 'price': '$535,000(-1.8%)'}, {'date': '3/8/2019', 'event': 'Price change', 'price': '$545,000(-1.8%)'}, {'date': '1/21/2019', 'event': 'Listed for sale', 'price': '$555,000(+11%)'}, {'date': '5/1/2017', 'event': 'Sold', 'price': '----'}, {'date': '4/6/2017', 'event': 'Pending sale', 'price': '$499,900--'}]"
75206,26692263,32.817056,-96.785264,"$599,900",For sale,"5027 Alcott St, Dallas, TX 75206",4,3,2813,589838,Single Family,1925,Other,Central,1 space,"5,991 sqft",$213,"[{'date': '4/10/2019', 'event': 'Price change', 'price': '$599,900(-7.7%)'}, {'date': '3/22/2019', 'event': 'Price change', 'price': '$649,900(-7%)'}, {'date': '1/11/2019', 'event': 'Listed for sale', 'price': '$699,000--'}, {'date': '10/29/2018', 'event': 'Listing removed', 'price': '$699,000--'}, {'date': '9/28/2018', 'event': 'Price change', 'price': '$699,000(-6.7%)'}]"
75206,162176763,32.821032,-96.780598,"$825,000",For sale,"5242 Miller Ave, Dallas, TX 75206",4,4,4046,831588,Single Family,2006,Forced air,Central,2 spaces,"8,015 sqft",$204,"[{'date': '5/10/2019', 'event': 'Price change', 'price': '$825,000(-2.9%)'}, {'date': '4/5/2019', 'event': 'Price change', 'price': '$850,000(-2.9%)'}, {'date': '2/15/2019', 'event': 'Price change', 'price': '$875,000(-2.2%)'}, {'date': '1/23/2019', 'event': 'Price change', 'price': '$895,000(-2.2%)'}, {'date': '1/4/2019', 'event': 'Listed for sale', 'price': '$915,000--'}]"
75206,26690779,32.818917,-96.778274,"$400,000",For sale,"5336 Richard Ave, Dallas, TX 75206",3,1,1452,,Single Family,1930,Forced air,Wall,2 spaces,"7,753 sqft",$275,
75206,244114625,32.833241,-96.770316,"$699,000",For sale,"3823 Greenville Ave, Dallas, TX 75206",4,3,2696,,Single Family,2015,Forced air,Central,2 spaces,"3,397 sqft",$259,
75206,26703973,32.832475,-96.769423,"$569,000",For sale,"5715 Penrose Ave, Dallas, TX 75206",3,25,2484,558718,Single Family,2007,Forced air,Central,2 spaces,"3,615 sqft",$229,"[{'date': '12/8/2018', 'event': 'Listed for sale', 'price': '$569,000(+9.4%)'}, {'date': '11/5/2015', 'event': 'Sold', 'price': '$520,000(-1.9%)'}, {'date': '9/29/2015', 'event': 'Pending sale', 'price': '$529,900--'}, {'date': '9/25/2015', 'event': 'Listed for sale', 'price': '$529,900(+32.8%)'}, {'date': '4/13/2013', 'event': 'Listing removed', 'price': '$399,000--'}]"
75206,26691661,32.819403,-96.780085,"$534,900",For sale,"5253 Richard Ave, Dallas, TX 75206",3,2,1985,527149,Single Family,1923,Forced air,Central,Attached Garage,"5,009 sqft",$269,"[{'date': '3/27/2019', 'event': 'Price change', 'price': '$534,900(-2.6%)'}, {'date': '3/4/2019', 'event': 'Price change', 'price': '$549,000(-1.8%)'}, {'date': '1/10/2019', 'event': 'Price change', 'price': '$559,000(-1.9%)'}, {'date': '11/17/2018', 'event': 'Listed for sale', 'price': '$569,900--'}]"
75206,26704670,32.836728,-96.763182,"$399,000",For sale,"4202 Camden Ave, Dallas, TX 75206",2,2,1118,391279,Single Family,1940,Forced air,Central,2 spaces,"6,403 sqft",$357,"[{'date': '11/14/2018', 'event': 'Listed for sale', 'price': '$399,000(+24.7%)'}, {'date': '3/18/2016', 'event': 'Sold', 'price': '----'}, {'date': '2/14/2016', 'event': 'Pending sale', 'price': '$320,000--'}, {'date': '2/12/2016', 'event': 'Listed for sale', 'price': '$320,000(+73%)'}, {'date': '8/14/2011', 'event': 'Listing removed', 'price': '$185,000--'}]"
75206,26703600,32.83224,-96.762263,"$450,000",For sale,"6046 Penrose Ave, Dallas, TX 75206",3,2,1744,450744,Single Family,1938,Forced air,Central,5 spaces,"6,490 sqft",$258,"[{'date': '3/29/2019', 'event': 'Price change', 'price': '$450,000(-5.3%)'}, {'date': '12/14/2018', 'event': 'Price change', 'price': '$475,000(-2.1%)'}, {'date': '10/18/2018', 'event': 'Listed for sale', 'price': '$485,000--'}]"
75206,26689791,32.819497,-96.762553,"$799,000",For sale,"6024 Palo Pinto Ave, Dallas, TX 75206",4,45,3910,787718,Single Family,2004,Forced air,Central,2 spaces,"8,407 sqft",$204,"[{'date': '2/12/2019', 'event': 'Price change', 'price': '$799,000(-6%)'}, {'date': '10/4/2018', 'event': 'Price change', 'price': '$850,000(-5.5%)'}, {'date': '9/7/2018', 'event': 'Listed for sale', 'price': '$899,000(-7.2%)'}, {'date': '7/18/2018', 'event': 'Listing removed', 'price': '$969,000--'}, {'date': '6/11/2018', 'event': 'Price change', 'price': '$969,000(-2%)'}]"
75206,26693493,32.817532,-96.773272,"$575,000",For sale,"5533 Belmont Ave, Dallas, TX 75206",3,2,2077,573342,Single Family,1926,Other,Central,Off street,"8,640 sqft",$277,"[{'date': '2/27/2019', 'event': 'Price change', 'price': '$575,000(-1.7%)'}, {'date': '10/16/2018', 'event': 'Price change', 'price': '$585,000(-1.7%)'}, {'date': '9/11/2018', 'event': 'Price change', 'price': '$595,000(-1.7%)'}, {'date': '8/29/2018', 'event': 'Listed for sale', 'price': '$605,000(+15.2%)'}, {'date': '6/22/2015', 'event': 'Sold', 'price': '----'}]"
75206,26704653,32.837843,-96.762717,"$399,900",For sale,"4235 Somerville Ave, Dallas, TX 75206",2,1,1113,403534,Single Family,1939,Forced air,Wall,2 spaces,"7,535 sqft",$359,"[{'date': '5/9/2019', 'event': 'Price change', 'price': '$399,900(-7%)'}, {'date': '3/8/2019', 'event': 'Price change', 'price': '$429,900(-1.2%)'}, {'date': '8/28/2018', 'event': 'Listed for sale', 'price': '$435,000--'}]"
75206,26689786,32.819786,-96.763372,"$750,000",For sale,"6006 Palo Pinto Ave, Dallas, TX 75206",3,4,3415,753746,Single Family,2002,Forced air,Central,2 spaces,"8,450 sqft",$220,"[{'date': '5/17/2019', 'event': 'Price change', 'price': '$750,000(-2%)'}, {'date': '4/17/2019', 'event': 'Price change', 'price': '$765,000(-2.5%)'}, {'date': '3/9/2019', 'event': 'Listed for sale', 'price': '$785,000(-1.3%)'}, {'date': '2/7/2019', 'event': 'Listing removed', 'price': '$795,000--'}, {'date': '10/4/2018', 'event': 'Price change', 'price': '$795,000(-2.5%)'}]"
75206,26695591,32.825113,-96.783915,"$445,000",For sale,"5102 Ridgedale Ave, Dallas, TX 75206",2,25,2107,440714,Single Family,2001,Forced air,Central,3 spaces,"2,134 sqft",$211,"[{'date': '7/27/2018', 'event': 'Listed for sale', 'price': '$445,000(-6.3%)'}, {'date': '6/14/2018', 'event': 'Listing removed', 'price': '$475,000--'}, {'date': '2/22/2018', 'event': 'Listed for sale', 'price': '$475,000(-13.6%)'}, {'date': '9/8/2017', 'event': 'Listing removed', 'price': '$549,900--'}, {'date': '5/20/2017', 'event': 'Price change', 'price': '$549,900(-3.5%)'}]"
75206,26693545,32.823769,-96.77893,"$925,000",For sale,"5323 Goodwin Ave, Dallas, TX 75206",5,45,4192,891551,Single Family,2007,Other,Central,1 space,"8,015 sqft",$221,"[{'date': '3/14/2019', 'event': 'Price change', 'price': '$925,000(-2.5%)'}, {'date': '10/18/2018', 'event': 'Price change', 'price': '$949,000(-4.6%)'}, {'date': '6/2/2018', 'event': 'Listed for sale', 'price': '$995,000(+53.1%)'}, {'date': '8/8/2012', 'event': 'Listing removed', 'price': '$649,950--'}, {'date': '7/29/2012', 'event': 'Pending sale', 'price': '$649,950--'}]"
75206,26695794,32.82932,-96.775505,"$799,000",For sale,"5439 Morningside Ave, Dallas, TX 75206",4,3,3076,,Single Family,1927,Forced air,Central,1 space,"7,797 sqft",$260,
75206,26704622,32.835295,-96.776797,"$690,375",For sale,"5368 Winton St, Dallas, TX 75206",4,3,2553,,Single Family,2019,"Forced air, Heat pump",Central,3 spaces,"9,461 sqft",$270,
75206,2090418315,32.834919,-96.777241,"$547,200",For sale,"5372 Winton St, Dallas, TX 75206",3,3,1847,,Single Family,2019,"Forced air, Heat pump",No Data,Detached Garage,No Data,$296,
75205,27201620,32.82983,-96.784987,"$1,925,000",For sale,"3205 Dartmouth Ave, Dallas, TX 75205",4,4,4344,,Single Family,1981,Forced air,Central,2 spaces,"10,541 sqft",$443,
75205,27202269,32.832861,-96.813438,"$1,489,000",For sale,"4505 Fairfax Ave, Dallas, TX 75205",3,3,2342,1530509,Single Family,1928,Forced air,Central,2 spaces,"9,234 sqft",$636,
75205,27210717,32.83841,-96.789026,"$844,999",For sale,"3439 Normandy Ave, Dallas, TX 75205",3,4,2935,,Single Family,1996,Forced air,Central,2 spaces,"3,963 sqft",$288,
75205,27201754,32.825142,-96.814652,"$1,399,000",For sale,"4564 Rheims Pl, Dallas, TX 75205",4,4,3358,,Single Family,1940,Forced air,Central,2 spaces,"8,102 sqft",$417,
75205,27210396,32.844209,-96.791769,"$2,225,000",For sale,"3532 Mcfarlin Blvd, Dallas, TX 75205",5,6,5708,,Single Family,2014,Forced air,Central,2 spaces,"8,973 sqft",$390,
75205,27210650,32.842596,-96.793587,"$749,900",For sale,"3647 Asbury St, Dallas, TX 75205",3,3,2539,,Single Family,1980,Forced air,Central,2 spaces,"3,615 sqft",$295,
75205,27202222,32.830906,-96.81454,"$2,750,000",For sale,"4529 N Versailles Ave, Dallas, TX 75205",5,8,5272,,Single Family,1985,Forced air,Central,6 spaces,"9,278 sqft",$522,
75205,119977164,32.848562,-96.809794,"$1,600,000",For sale,"4328 Druid Ln, Dallas, TX 75205",5,6,4207,,Single Family,2013,Forced air,Central,2 spaces,"7,143 sqft",$380,
75205,27199861,32.844486,-96.776708,"$1,399,000",For sale,"2853 Fondren Dr, Dallas, TX 75205",4,4,3220,,Single Family,1997,Forced air,Central,3 spaces,"6,534 sqft",$434,
75205,27204911,32.838997,-96.809797,"$1,349,000",For sale,"4360 San Carlos St, Dallas, TX 75205",4,5,3979,,Single Family,1981,Other,Central,2 spaces,"7,405 sqft",$339,
75205,80220745,32.844209,-96.792579,"$2,695,000",For sale,"3548 Mcfarlin Blvd, Dallas, TX 75205",5,7,6066,,Single Family,2019,Forced air,Central,Attached Garage,"10,497 sqft",$444,
75205,162814233,32.84314,-96.792942,"$1,169,000",For sale,"3632 Asbury St, Dallas, TX 75205",4,5,3408,1181359,Single Family,2014,Forced air,Central,1 space,"3,746 sqft",$343,"[{'date': '5/14/2019', 'event': 'Listed for sale', 'price': '$1,169,000--'}]"
75205,27202181,32.83187,-96.808632,"$2,100,000",For sale,"4323 Beverly Dr, Dallas, TX 75205",4,4,3702,1616256,Single Family,1928,Forced air,Central,2 spaces,"10,149 sqft",$567,"[{'date': '5/13/2019', 'event': 'Listed for sale', 'price': '$2,100,000(+27.9%)'}, {'date': '8/4/2015', 'event': 'Listing removed', 'price': '----'}, {'date': '6/24/2015', 'event': 'Listed for sale', 'price': '----'}, {'date': '1/15/2008', 'event': 'Sold', 'price': '$1,642,160--'}]"
75205,27201004,32.835214,-96.782151,"$1,599,000",For sale,"3105 Drexel Dr, Dallas, TX 75205",4,5,4001,1516627,Single Family,1984,Forced air,Central,2 spaces,"7,492 sqft",$400,"[{'date': '5/13/2019', 'event': 'Listed for sale', 'price': '$1,599,000(+23.5%)'}, {'date': '5/8/2014', 'event': 'Sold', 'price': '----'}, {'date': '2/15/2014', 'event': 'Listed for sale', 'price': '$1,295,000(-20.3%)'}, {'date': '12/24/2013', 'event': 'Listing removed', 'price': '$1,625,000--'}, {'date': '10/23/2013', 'event': 'Price change', 'price': '$1,625,000(-7.1%)'}]"
75205,27200526,32.823732,-96.794361,"$4,990,000",For sale,"3509 Crescent Ave, Dallas, TX 75205",3,4,4214,,Single Family,2001,Forced air,Central,5 spaces,0.51 acres,"$1,184",
75205,27200507,32.820934,-96.799277,"$9,950,000",For sale,"4316 Saint Johns Dr, Highland Park, TX 75205",5,7,8022,,Single Family,2000,Forced air,Central,4 spaces,0.52 acres,"$1,240",
75205,27206818,32.849981,-96.785126,"$1,049,000",For sale,"3301 Westminster Ave, Dallas, TX 75205",3,3,2068,,Single Family,1936,Forced air,Central,2 spaces,"8,232 sqft",$507,
75205,27210367,32.845359,-96.79077,"$4,325,000",For sale,"3512 University Blvd, Dallas, TX 75205",5,7,6713,2081863,Single Family,2019,Forced air,Central,4 spaces,0.32 acres,$644,"[{'date': '5/10/2019', 'event': 'Back on market', 'price': '$4,325,000(+189.3%)'}, {'date': '3/26/2018', 'event': 'Sold', 'price': '$1,495,000(-50.2%)'}, {'date': '1/28/2018', 'event': 'Listed for sale', 'price': '$3,000,000(+108.3%)'}, {'date': '9/15/2017', 'event': 'Sold', 'price': '$1,440,000(-3.9%)'}, {'date': '9/13/2017', 'event': 'Listing removed', 'price': '$1,499,000--'}]"
75205,27201157,32.833762,-96.782347,"$1,849,000",For sale,"3108 Cornell Ave, Dallas, TX 75205",5,7,5589,,Single Family,2000,Forced air,Central,2 spaces,"7,492 sqft",$331,
75205,27212127,32.838293,-96.80486,"$1,295,000",For sale,"4105 San Carlos St, Dallas, TX 75205",3,4,3947,,Single Family,1980,Forced air,Central,2 spaces,"7,405 sqft",$328,
75205,27202614,32.836335,-96.811809,"$695,000",For sale,"4429 Mockingbird Ln, Dallas, TX 75205",4,3,3712,730150,Single Family,1929,Forced air,Central,2 spaces,"6,751 sqft",$187,"[{'date': '5/8/2019', 'event': 'Listed for sale', 'price': '$695,000--'}]"
75205,27202588,32.835137,-96.814643,"$1,450,000",For sale,"4536 Livingston Ave, Dallas, TX 75205",5,6,4380,,Single Family,1925,Forced air,Central,2 spaces,"7,641 sqft",$331,
75205,27211356,32.843246,-96.801325,"$2,995,000",For sale,"3912 Windsor Ave, Dallas, TX 75205",4,5,5540,2903297,Single Family,2010,Forced air,Central,2 spaces,"9,583 sqft",$541,"[{'date': '5/6/2019', 'event': 'Listed for sale', 'price': '$2,995,000--'}, {'date': '8/31/2010', 'event': 'Sold', 'price': '----'}]"
75205,27211370,32.843265,-96.802303,"$2,095,000",For sale,"4000 Windsor Ave, Dallas, TX 75205",4,5,4176,2078367,Single Family,1924,Forced air,Central,3 spaces,0.26 acres,$502,"[{'date': '5/6/2019', 'event': 'Listed for sale', 'price': '$2,095,000--'}]"
75205,27200555,32.825636,-96.79706,"$9,750,000",For sale,"3712 Alice Cir, Dallas, TX 75205",5,6,7480,9263561,Single Family,1925,Forced air,Central,3 spaces,0.73 acres,"$1,303","[{'date': '5/6/2019', 'event': 'Listed for sale', 'price': '$9,750,000(-7.1%)'}, {'date': '9/12/2015', 'event': 'Listing removed', 'price': '$10,500,000--'}, {'date': '5/4/2014', 'event': 'Listed for sale', 'price': '$10,500,000--'}]"
75205,27210965,32.847603,-96.778788,"$1,699,000",For sale,"2941 Rosedale Ave, Dallas, TX 75205",6,4,4135,,Single Family,2012,Forced air,Central,2 spaces,"7,405 sqft",$411,
75205,27210434,32.84585,-96.793129,"$2,295,000",For sale,"3605 Haynie Ave, Dallas, TX 75205",5,7,5673,2263806,Single Family,2000,Forced air,Central,Attached Garage,"9,147 sqft",$405,"[{'date': '5/17/2019', 'event': 'Price change', 'price': '$2,295,000(-2.3%)'}, {'date': '5/5/2019', 'event': 'Listed for sale', 'price': '$2,350,000(+42.4%)'}, {'date': '4/1/2013', 'event': 'Sold', 'price': '----'}, {'date': '2/26/2013', 'event': 'Listing removed', 'price': '$1,650,000--'}, {'date': '1/22/2013', 'event': 'Listed for sale', 'price': '$1,650,000--'}]"
75205,27200841,32.834847,-96.797187,"$4,999,995",For sale,"3813 Maplewood Ave, Dallas, TX 75205",4,55,6746,4935538,Single Family,1995,Forced air,Central,4 spaces,0.29 acres,$741,"[{'date': '5/3/2019', 'event': 'Listed for sale', 'price': '$4,999,995--'}]"
75205,27201060,32.83524,-96.787343,"$3,450,000",For sale,"3401 Drexel Dr, Dallas, TX 75205",5,7,6907,3392913,Single Family,2013,Forced air,Central,2 spaces,0.25 acres,$499,"[{'date': '5/2/2019', 'event': 'Listed for sale', 'price': '$3,450,000(+227%)'}, {'date': '12/31/2012', 'event': 'Sold', 'price': '----'}, {'date': '11/16/2012', 'event': 'Listing removed', 'price': '$1,055,000--'}, {'date': '9/13/2012', 'event': 'Price change', 'price': '$1,055,000(-8.3%)'}, {'date': '7/3/2012', 'event': 'Price change', 'price': '$1,150,000(-8%)'}]"
75205,27201190,32.833201,-96.783524,"$2,100,000",For sale,"3201 Cornell Ave, Dallas, TX 75205",4,55,4890,2073145,Single Family,2004,Forced air,Central,2 spaces,"7,405 sqft",$429,"[{'date': '5/2/2019', 'event': 'Listed for sale', 'price': '$2,100,000(+15.7%)'}, {'date': '5/31/2013', 'event': 'Listing removed', 'price': '$1,815,000--'}, {'date': '4/28/2013', 'event': 'Price change', 'price': '$1,815,000(-3.2%)'}, {'date': '4/10/2013', 'event': 'Listed for sale', 'price': '$1,875,000--'}]"
75205,27210985,32.849609,-96.779398,"$2,195,000",For sale,"3009 Westminster Ave, Dallas, TX 75205",4,4,3406,2141097,Single Family,1993,Forced air,Central,2 spaces,0.38 acres,$644,"[{'date': '5/2/2019', 'event': 'Listed for sale', 'price': '$2,195,000(+69.5%)'}, {'date': '12/5/2011', 'event': 'Sold', 'price': '----'}, {'date': '11/17/2011', 'event': 'Listing removed', 'price': '$1,295,000--'}, {'date': '10/2/2011', 'event': 'Listed for sale', 'price': '$1,295,000--'}]"
75205,55832996,32.839793,-96.788325,"$299,000",For sale,"6006 Auburndale Ave APT E, Dallas, TX 75205",2,15,974,294093,Single Family,1985,Forced air,Central,4 spaces,1.53 acres,$307,"[{'date': '5/1/2019', 'event': 'Listed for sale', 'price': '$299,000--'}, {'date': '5/30/2018', 'event': 'Sold', 'price': '----'}, {'date': '7/31/2012', 'event': 'Listing removed', 'price': '$1,650--'}, {'date': '7/14/2012', 'event': 'Listed for rent', 'price': '$1,650--'}]"
75205,27205545,32.838042,-96.798757,"$4,250,000",For sale,"3900 Potomac Ave, Dallas, TX 75205",4,5,5547,4107107,Single Family,1936,Forced air,"Central, Other",2 spaces,0.46 acres,$766,"[{'date': '4/30/2019', 'event': 'Listed for sale', 'price': '$4,250,000(+21.5%)'}, {'date': '12/2/2015', 'event': 'Listing removed', 'price': '$3,499,000--'}, {'date': '8/26/2015', 'event': 'Listed for sale', 'price': '$3,499,000(-6.7%)'}, {'date': '7/17/2015', 'event': 'Listing removed', 'price': '$3,750,000--'}, {'date': '5/21/2015', 'event': 'Price change', 'price': '$3,750,000(-10.6%)'}]"
75205,55833014,32.842993,-96.808078,"$2,149,000",For sale,"4217 Larchmont St, Dallas, TX 75205",5,8,6234,,Single Family,2000,Forced air,Central,2 spaces,0.25 acres,$345,
75205,27200664,32.8313,-96.801089,"$4,500,000",For sale,"4012 Miramar Ave, Dallas, TX 75205",4,35,4999,,Single Family,1915,Other,Central,4 spaces,0.39 acres,$900,
75205,27202376,32.833362,-96.809145,"$1,449,000",For sale,"4336 Fairfax Ave, Dallas, TX 75205",4,35,3522,,Single Family,1929,Forced air,Central,2 spaces,"8,712 sqft",$411,
75205,27201667,32.823969,-96.806212,"$3,695,000",For sale,"4242 Westway Ave, Dallas, TX 75205",4,6,6180,,Single Family,2001,Forced air,Central,3 spaces,0.38 acres,$598,
75205,27205289,32.846477,-96.808797,"$1,120,000",For sale,"4316 Emerson Ave, Dallas, TX 75205",4,5,3430,,Single Family,2007,Forced air,Central,2 spaces,"7,143 sqft",$327,
75205,27210532,32.849987,-96.802132,"$7,395,000",For sale,"6901 Hunters Glen Rd, Dallas, TX 75205",6,65,8434,,Single Family,1954,Forced air,Central,4 spaces,0.85 acres,$877,
75205,27201295,32.831968,-96.786687,"$2,875,000",For sale,"3325 Beverly Dr, Dallas, TX 75205",4,6,4966,2863834,Single Family,1929,Forced air,Central,2 spaces,0.31 acres,$579,"[{'date': '4/22/2019', 'event': 'Listed for sale', 'price': '$2,875,000--'}]"
75205,67970598,32.843566,-96.791244,"$1,095,000",For sale,"3489 Mcfarlin Blvd, Dallas, TX 75205",4,4,3512,1092516,Single Family,2003,Forced air,Central,2 spaces,"3,484 sqft",$312,"[{'date': '4/22/2019', 'event': 'Listed for sale', 'price': '$1,095,000(+28.8%)'}, {'date': '3/10/2015', 'event': 'Sold', 'price': '$850,000(-3.3%)'}, {'date': '2/15/2015', 'event': 'Listing removed', 'price': '$879,000--'}, {'date': '10/29/2014', 'event': 'Price change', 'price': '$879,000(-2.1%)'}, {'date': '10/11/2014', 'event': 'Price change', 'price': '$898,000(-2.3%)'}]"
75205,27198068,32.843125,-96.812382,"$1,398,000",For sale,"4437 Larchmont St, Dallas, TX 75205",4,4,3386,,Single Family,1948,Forced air,Central,2 spaces,"7,535 sqft",$413,
75205,27211376,32.843282,-96.80347,"$2,049,000",For sale,"4024 Windsor Ave, Dallas, TX 75205",4,5,5185,,Single Family,1920,Forced air,Central,3 spaces,"9,583 sqft",$395,
75205,27210458,32.846392,-96.793147,"$1,350,000",For sale,"3604 Haynie Ave, Dallas, TX 75205",4,3,4412,,Single Family,1940,Forced air,Central,2 spaces,"9,016 sqft",$306,
75205,27205039,32.835496,-96.781317,"$924,000",For sale,"5042 Airline Rd, Dallas, TX 75205",3,2,1542,903240,Single Family,1936,Forced air,Central,1 space,"7,000 sqft",$599,"[{'date': '5/21/2019', 'event': 'Price change', 'price': '$924,000(-2.6%)'}, {'date': '4/17/2019', 'event': 'Listed for sale', 'price': '$949,000--'}, {'date': '1/19/2019', 'event': 'Listing removed', 'price': '$4,200--'}, {'date': '1/18/2019', 'event': 'Listing removed', 'price': '$949,000--'}, {'date': '1/3/2019', 'event': 'Listed for rent', 'price': '$4,200--'}]"
75205,27200528,32.823411,-96.793735,"$3,950,000",For sale,"3503 Crescent Ave, Dallas, TX 75205",5,55,4906,3928628,Single Family,1916,Forced air,Central,2 spaces,0.46 acres,$805,"[{'date': '4/16/2019', 'event': 'Listed for sale', 'price': '$3,950,000--'}]"
75205,27206963,32.843516,-96.807799,"$3,099,000",For sale,"4206 Larchmont St, Dallas, TX 75205",4,5,4848,2126491,Single Family,1983,Forced air,Central,2 spaces,0.28 acres,$639,
75205,27202217,32.831513,-96.812616,"$5,995,000",For sale,"4444 N Versailles Ave, Dallas, TX 75205",5,7,7275,5624101,Single Family,2019,Forced air,Central,2 spaces,0.31 acres,$824,"[{'date': '4/14/2019', 'event': 'Listed for sale', 'price': '$5,995,000--'}, {'date': '6/2/2016', 'event': 'Listing removed', 'price': '$7,500--'}, {'date': '5/13/2016', 'event': 'Sold', 'price': '----'}, {'date': '4/25/2016', 'event': 'Pending sale', 'price': '$2,495,000--'}, {'date': '4/14/2016', 'event': 'Listing removed', 'price': '$8,500--'}]"
75205,27201939,32.827802,-96.814037,"$1,299,000",For sale,"4538 Arcady Ave, Dallas, TX 75205",3,3,2926,1291813,Single Family,1937,Forced air,Central,No Data,"8,189 sqft",$444,"[{'date': '4/14/2019', 'event': 'Listed for sale', 'price': '$1,299,000(+13.4%)'}, {'date': '4/20/2015', 'event': 'Sold', 'price': '----'}, {'date': '3/28/2015', 'event': 'Price change', 'price': '$1,145,000(-2.6%)'}, {'date': '2/7/2015', 'event': 'Listed for sale', 'price': '$1,175,000--'}, {'date': '11/24/2014', 'event': 'Listing removed', 'price': '$1,175,000--'}]"
75205,27210262,32.842903,-96.779055,"$1,149,500",For sale,"2941 Dyer St, Dallas, TX 75205",5,4,3228,,Single Family,1992,Forced air,Central,2 spaces,"7,492 sqft",$356,
75205,27201058,32.835244,-96.787781,"$2,985,000",For sale,"3407 Drexel Dr, Dallas, TX 75205",5,7,6278,,Single Family,2004,Forced air,Central,3 spaces,"9,757 sqft",$475,
75205,27198025,32.841808,-96.812788,"$1,500,000",For sale,"4436 Stanhope St, Dallas, TX 75205",5,4,3617,,Single Family,1939,Forced air,Central,2 spaces,"7,143 sqft",$415,
75205,27207361,32.842046,-96.790534,"$1,090,000",For sale,"3526 Granada Ave, Dallas, TX 75205",5,5,3637,,Single Family,2008,Forced air,Central,2 spaces,"4,312 sqft",$300,
75205,162814198,32.840336,-96.80951,"$1,650,000",For sale,"4317 Shenandoah St, Dallas, TX 75205",4,35,3009,1649244,Single Family,1939,Forced air,Central,2 spaces,"7,230 sqft",$548,"[{'date': '4/28/2019', 'event': 'Price change', 'price': '$1,650,000(-4.3%)'}, {'date': '4/8/2019', 'event': 'Listed for sale', 'price': '$1,725,000--'}]"
75205,27207120,32.848125,-96.773276,"$829,900",For sale,"2616 Rosedale Ave, Dallas, TX 75205",3,2,1623,,Single Family,1939,Other,Wall,1 space,"7,753 sqft",$511,
75205,27202176,32.831862,-96.809801,"$3,750,000",For sale,"4343 Beverly Dr, Dallas, TX 75205",5,8,8955,3944682,Single Family,2009,Forced air,Central,8 spaces,0.29 acres,$419,"[{'date': '4/5/2019', 'event': 'Listed for sale', 'price': '$3,750,000(-11.8%)'}, {'date': '12/21/2018', 'event': 'Listing removed', 'price': '$4,250,000--'}, {'date': '12/11/2018', 'event': 'Back on market', 'price': '$4,250,000--'}, {'date': '12/10/2018', 'event': 'Pending sale', 'price': '$4,250,000--'}, {'date': '6/8/2018', 'event': 'Listed for sale', 'price': '$4,250,000(-2.9%)'}]"
75205,27203083,32.848995,-96.809711,"$1,199,000",For sale,"4325 Grassmere Ln, Dallas, TX 75205",4,25,2648,1218292,Single Family,1939,Forced air,Central,2 spaces,"8,537 sqft",$453,"[{'date': '5/10/2019', 'event': 'Price change', 'price': '$1,199,000(-7.7%)'}, {'date': '4/5/2019', 'event': 'Listed for sale', 'price': '$1,299,000(+62.6%)'}, {'date': '6/11/2010', 'event': 'Listing removed', 'price': '$799,000--'}, {'date': '4/23/2010', 'event': 'Listed for sale', 'price': '$799,000(-8.1%)'}, {'date': '7/29/2009', 'event': 'Listing removed', 'price': '$869,000--'}]"
75205,27206031,32.840438,-96.813348,"$2,350,000",For sale,"4507 Shenandoah St, Dallas, TX 75205",5,6,5200,,Single Family,2019,Forced air,Wall,1 space,"6,751 sqft",$452,
75205,27207045,32.842926,-96.804962,"$2,350,000",For sale,"4507 Shenandoah St, Dallas, TX 75205",5,6,5200,2017381,Single Family,2019,Forced air,Wall,1 space,"6,751 sqft",$452,"[{'date': '4/4/2019', 'event': 'Listed for sale', 'price': '$2,350,000--'}]"
75205,80235796,32.842595,-96.792773,"$920,000",For sale,"3627 Asbury St, Dallas, TX 75205",4,5,3447,,Single Family,2006,Forced air,Central,2 spaces,"3,615 sqft",$267,
75205,27201646,32.824531,-96.810579,"$3,995,000",For sale,"4433 Rheims Pl, Dallas, TX 75205",5,6,6893,,Single Family,1938,Forced air,Central,3 spaces,0.3 acres,$580,
75205,27201862,32.827143,-96.810967,"$5,850,000",For sale,"4430 Bordeaux Ave, Dallas, TX 75205",5,6,7149,5798012,Single Family,1985,Forced air,Central,4 spaces,0.38 acres,$818,"[{'date': '4/1/2019', 'event': 'Listed for sale', 'price': '$5,850,000(-6.4%)'}, {'date': '1/3/2019', 'event': 'Listing removed', 'price': '$6,250,000--'}, {'date': '9/13/2018', 'event': 'Price change', 'price': '$6,250,000(-3.8%)'}, {'date': '2/26/2018', 'event': 'Listed for sale', 'price': '$6,500,000(+117.8%)'}, {'date': '6/20/2013', 'event': 'Listing removed', 'price': '$2,985,000--'}]"
75205,27201214,32.8327,-96.786898,"$2,899,000",For sale,"3324 Beverly Dr, Dallas, TX 75205",5,7,5899,2895576,Single Family,1929,Forced air,Central,4 spaces,0.32 acres,$491,"[{'date': '4/1/2019', 'event': 'Listed for sale', 'price': '$2,899,000(+7.4%)'}, {'date': '7/21/2017', 'event': 'Listing removed', 'price': '$2,699,000--'}, {'date': '3/11/2017', 'event': 'Listed for sale', 'price': '$2,699,000(-6.9%)'}, {'date': '12/2/2016', 'event': 'Listing removed', 'price': '$2,900,000--'}, {'date': '5/17/2016', 'event': 'Listed for sale', 'price': '$2,900,000(+5.5%)'}]"
75205,27200551,32.826051,-96.795423,"$9,950,000",For sale,"3701 Lexington Ave, Dallas, TX 75205",3,7,8156,9168313,Single Family,2006,Forced air,Central,3 spaces,0.4 acres,"$1,220","[{'date': '4/1/2019', 'event': 'Listed for sale', 'price': '$9,950,000--'}]"
75205,27212084,32.838295,-96.805189,"$1,750,000",For sale,"4113 San Carlos St, Dallas, TX 75205",4,4,3002,1494678,Single Family,1978,Forced air,Central,2 spaces,"7,738 sqft",$583,"[{'date': '4/1/2019', 'event': 'Price change', 'price': '$1,750,000(-10.3%)'}, {'date': '3/30/2019', 'event': 'Listed for sale', 'price': '$1,950,000--'}]"
75205,27205508,32.838001,-96.798224,"$6,295,000",For sale,"3868 Potomac Ave, Dallas, TX 75205",4,5,5786,5091388,Single Family,1917,Forced air,Central,2 spaces,0.38 acres,"$1,088","[{'date': '3/26/2019', 'event': 'Price change', 'price': '$6,295,000(-20.3%)'}, {'date': '3/23/2017', 'event': 'Listed for sale', 'price': '$7,900,000(+132.4%)'}, {'date': '10/1/2011', 'event': 'Listing removed', 'price': '$3,399,000--'}, {'date': '9/14/2011', 'event': 'Listed for sale', 'price': '$3,399,000--'}]"
75205,27201882,32.827323,-96.812686,"$1,695,000",For sale,"4515 Arcady Ave, Dallas, TX 75205",5,6,4892,,Single Family,1935,Forced air,Central,1 space,"7,810 sqft",$346,
75205,27202332,32.83243,-96.806013,"$2,500,000",For sale,"4224 Beverly Dr, Dallas, TX 75205",4,4,3907,2497530,Single Family,1929,Forced air,Central,2 spaces,0.32 acres,$640,"[{'date': '3/22/2019', 'event': 'Listed for sale', 'price': '$2,500,000(+48.8%)'}, {'date': '10/5/2011', 'event': 'Listing removed', 'price': '$1,680,000--'}, {'date': '9/21/2011', 'event': 'Listed for sale', 'price': '$1,680,000--'}]"
75205,27202241,32.830511,-96.814972,"$1,449,000",For sale,"4544 S Versailles Ave, Dallas, TX 75205",4,4,3623,1443650,Single Family,1932,Forced air,Central,2 spaces,"9,278 sqft",$400,"[{'date': '4/15/2019', 'event': 'Price change', 'price': '$1,449,000(-2.7%)'}, {'date': '3/21/2019', 'event': 'Listed for sale', 'price': '$1,489,000--'}]"
75205,27200734,32.82717,-96.800624,"$6,750,000",For sale,"4604 Lakeside Dr, Dallas, TX 75205",4,5,6950,6937980,Single Family,1919,Forced air,Central,6 spaces,0.51 acres,$971,"[{'date': '3/20/2019', 'event': 'Listed for sale', 'price': '$6,750,000--'}]"
75205,27201803,32.826107,-96.815764,"$2,550,000",For sale,"4592 Belfort Ave, Dallas, TX 75205",4,5,5089,2518760,Single Family,2013,Forced air,Central,2 spaces,"6,751 sqft",$501,"[{'date': '3/18/2019', 'event': 'Listed for sale', 'price': '$2,550,000(+411%)'}, {'date': '1/5/2011', 'event': 'Listing removed', 'price': '$499,000--'}, {'date': '10/12/2010', 'event': 'Listed for sale', 'price': '$499,000(-37.5%)'}, {'date': '11/3/2009', 'event': 'Listing removed', 'price': '$799,000--'}, {'date': '7/18/2009', 'event': 'Listed for sale', 'price': '$799,000(+18.9%)'}]"
75205,27198158,32.844535,-96.809182,"$1,779,000",For sale,"4308 Mcfarlin Blvd, Dallas, TX 75205",4,4,4536,1739024,Single Family,1941,Forced air,Central,2 spaces,"10,497 sqft",$392,"[{'date': '4/14/2019', 'event': 'Price change', 'price': '$1,779,000(-4.3%)'}, {'date': '3/15/2019', 'event': 'Listed for sale', 'price': '$1,859,000(-4.4%)'}, {'date': '10/29/2018', 'event': 'Listing removed', 'price': '$1,945,000--'}, {'date': '10/4/2018', 'event': 'Price change', 'price': '$1,945,000(-6.3%)'}, {'date': '5/14/2018', 'event': 'Listed for sale', 'price': '$2,075,000--'}]"
75205,27211090,32.824368,-96.816081,"$1,395,000",For sale,"4554 Westway Ave, Dallas, TX 75205",4,5,3707,,Single Family,1940,Forced air,Central,2 spaces,"9,888 sqft",$376,
75205,27210698,32.83898,-96.789472,"$1,795,000",For sale,"3448 Normandy Ave, Dallas, TX 75205",5,55,4260,1693325,Single Family,1927,Other,Central,2 spaces,"7,850 sqft",$421,"[{'date': '3/11/2019', 'event': 'Listed for sale', 'price': '$1,795,000--'}, {'date': '12/19/2018', 'event': 'Listing removed', 'price': '$1,795,000--'}, {'date': '12/3/2018', 'event': 'Back on market', 'price': '$1,795,000--'}, {'date': '11/1/2018', 'event': 'Listing removed', 'price': '$1,795,000--'}, {'date': '6/13/2018', 'event': 'Listed for sale', 'price': '$1,795,000(+13.6%)'}]"
75205,27202601,32.83597,-96.813706,"$1,699,999",For sale,"4512 Southern Ave, Dallas, TX 75205",4,4,3102,1508816,Single Family,1936,Forced air,Central,No Data,"7,448 sqft",$548,"[{'date': '3/9/2019', 'event': 'Listed for sale', 'price': '$1,699,999--'}]"
75205,27205290,32.846624,-96.809155,"$1,175,000",For sale,"4312 Emerson Ave, Dallas, TX 75205",4,4,3756,1189633,Single Family,1937,Forced air,Central,2 spaces,"7,143 sqft",$313,"[{'date': '5/20/2019', 'event': 'Price change', 'price': '$1,175,000(-1.7%)'}, {'date': '4/18/2019', 'event': 'Price change', 'price': '$1,195,000(-2.4%)'}, {'date': '4/4/2019', 'event': 'Price change', 'price': '$1,224,000(-2%)'}, {'date': '3/8/2019', 'event': 'Listed for sale', 'price': '$1,249,000(+4.5%)'}, {'date': '10/28/2015', 'event': 'Listing removed', 'price': '$1,195,000--'}]"
75205,27202138,32.830505,-96.807477,"$5,797,500",For sale,"4304 Belclaire Ave, Dallas, TX 75205",5,6,7398,5782707,Single Family,2009,Forced air,Central,2 spaces,0.27 acres,$784,"[{'date': '5/9/2019', 'event': 'Price change', 'price': '$5,797,500(-3.1%)'}, {'date': '3/7/2019', 'event': 'Listed for sale', 'price': '$5,985,000(+11.9%)'}, {'date': '6/2/2014', 'event': 'Sold', 'price': '$5,350,000(-9.3%)'}, {'date': '5/13/2014', 'event': 'Listing removed', 'price': '$5,900,000--'}, {'date': '1/31/2014', 'event': 'Listed for sale', 'price': '$5,900,000--'}]"
75205,27201418,32.830432,-96.792586,"$3,850,000",For sale,"3628 Dartmouth Ave, Dallas, TX 75205",5,7,7113,3824944,Single Family,2007,Other,Central,3 spaces,"10,500 sqft",$541,"[{'date': '4/23/2019', 'event': 'Price change', 'price': '$3,850,000(-3.5%)'}, {'date': '4/4/2019', 'event': 'Price change', 'price': '$3,990,000(-3.9%)'}, {'date': '3/4/2019', 'event': 'Listed for sale', 'price': '$4,150,000(-1.2%)'}, {'date': '1/1/2019', 'event': 'Listing removed', 'price': '$4,200,000--'}, {'date': '10/22/2018', 'event': 'Listed for sale', 'price': '$4,200,000(+0.1%)'}]"
75205,26692651,32.820093,-96.794759,"$1,250,000",For sale,"3509 Edgewater St, Dallas, TX 75205",3,3,3595,1203683,Single Family,2015,Forced air,Central,2 spaces,"4,225 sqft",$348,"[{'date': '2/28/2019', 'event': 'Listed for sale', 'price': '$1,250,000(-9.7%)'}, {'date': '9/11/2018', 'event': 'Listing removed', 'price': '$1,384,000--'}, {'date': '8/3/2018', 'event': 'Price change', 'price': '$1,384,000(-0.8%)'}, {'date': '5/31/2018', 'event': 'Price change', 'price': '$1,395,000(-4.5%)'}, {'date': '5/8/2018', 'event': 'Price change', 'price': '$1,460,000(-0.7%)'}]"
75205,27212112,32.838313,-96.80825,"$1,525,000",For sale,"4229 San Carlos St, Dallas, TX 75205",4,5,3534,1512051,Single Family,1939,Forced air,Central,No Data,"7,753 sqft",$432,
75205,27204927,32.837027,-96.812001,"$2,200,000",For sale,"4432 Mockingbird Pkwy, Dallas, TX 75205",5,8,5126,2089553,Single Family,2008,Forced air,Central,2 spaces,"7,492 sqft",$429,"[{'date': '5/9/2019', 'event': 'Price change', 'price': '$2,200,000(-2.2%)'}, {'date': '4/17/2019', 'event': 'Price change', 'price': '$2,249,000(-2%)'}, {'date': '4/7/2019', 'event': 'Price change', 'price': '$2,295,000(-3.4%)'}, {'date': '2/26/2019', 'event': 'Price change', 'price': '$2,375,000(+1.1%)'}, {'date': '2/26/2019', 'event': 'Listed for sale', 'price': '$2,350,000--'}]"
75205,27205549,32.838023,-96.799853,"$6,000,000",For sale,"3926 Potomac Ave, Dallas, TX 75205",5,5,5949,,Single Family,1921,Forced air,Central,2 spaces,0.33 acres,"$1,009",
75205,162814210,32.836978,-96.813365,"$2,499,000",For sale,"4504 Mockingbird Ln, Dallas, TX 75205",5,5,5207,2328522,Single Family,2015,Forced air,Central,6 spaces,"10,715 sqft",$480,"[{'date': '3/20/2019', 'event': 'Price change', 'price': '$2,499,000(+2%)'}, {'date': '2/25/2019', 'event': 'Listed for sale', 'price': '$2,450,000(-5.7%)'}, {'date': '12/26/2018', 'event': 'Listing removed', 'price': '$2,599,000--'}, {'date': '7/16/2018', 'event': 'Price change', 'price': '$2,599,000(-3.7%)'}, {'date': '6/13/2018', 'event': 'Listed for sale', 'price': '$2,699,000--'}]"
75205,27198055,32.84272,-96.812787,"$1,275,000",For sale,"4444 Windsor Pkwy, Dallas, TX 75205",4,3,2444,1224070,Single Family,1941,"Forced air, Other",Central,2 spaces,"6,887 sqft",$522,"[{'date': '5/18/2019', 'event': 'Price change', 'price': '$1,275,000(-1.8%)'}, {'date': '4/11/2019', 'event': 'Price change', 'price': '$1,299,000(-7.1%)'}, {'date': '2/25/2019', 'event': 'Listed for sale', 'price': '$1,399,000--'}, {'date': '2/15/2015', 'event': 'Sold', 'price': '----'}]"
75205,27202599,32.835963,-96.813356,"$1,399,000",For sale,"4504 Southern Ave, Dallas, TX 75205",4,45,3300,1415918,Single Family,1979,Other,Central,3 spaces,"7,535 sqft",$424,"[{'date': '4/23/2019', 'event': 'Price change', 'price': '$1,399,000(-3.5%)'}, {'date': '2/25/2019', 'event': 'Listed for sale', 'price': '$1,449,000(+4.3%)'}, {'date': '6/18/2015', 'event': 'Sold', 'price': '----'}, {'date': '6/5/2015', 'event': 'Pending sale', 'price': '$1,389,000--'}, {'date': '4/27/2015', 'event': 'Listed for sale', 'price': '$1,389,000(-7.3%)'}]"
75205,27201861,32.827187,-96.810641,"$4,895,000",For sale,"4420 Bordeaux Ave, Dallas, TX 75205",6,8,8737,5171932,Single Family,2008,Forced air,Central,4 spaces,0.39 acres,$560,"[{'date': '5/7/2019', 'event': 'Price change', 'price': '$4,895,000(-7.6%)'}, {'date': '2/22/2019', 'event': 'Listed for sale', 'price': '$5,295,000(-7%)'}, {'date': '1/16/2019', 'event': 'Listing removed', 'price': '$5,695,000--'}, {'date': '1/26/2018', 'event': 'Listed for sale', 'price': '$5,695,000(+26.7%)'}, {'date': '11/9/2010', 'event': 'Sold', 'price': '----'}]"
75206,26690816,32.818458,-96.775117,"$420,000",For sale,"5455 Bonita Ave, Dallas, TX 75206",2,1,1248,,Single Family,1960,Other,Central,No Data,"2,613 sqft",$337,
75206,26732202,32.837248,-96.766876,"$378,900",For sale,"5820 Palm Ln, Dallas, TX 75206",3,2,1283,,Single Family,1945,Forced air,Central,1 space,"6,708 sqft",$295,
75206,69674910,32.814774,-96.775611,"$699,000",For sale,"2020 Cullen Dr, Dallas, TX 75206",4,3,2201,,Single Family,2005,Forced air,Central,2 spaces,"7,492 sqft",$318,
75206,26704474,32.829318,-96.778761,"$1,050,000",For sale,"5323 Morningside Ave, Dallas, TX 75206",4,3,3703,,Single Family,2010,Forced air,Central,2 spaces,"7,797 sqft",$284,
75206,26689867,32.816383,-96.766228,"$399,900",For sale,"5843 Richmond Ave, Dallas, TX 75206",3,2,1891,,Single Family,1926,Forced air,Central,1 space,"9,147 sqft",$211,
75206,26692175,32.817527,-96.784898,"$625,000",For sale,"5103 Alcott St, Dallas, TX 75206",3,4,2148,,Single Family,1940,Forced air,Central,2 spaces,"5,227 sqft",$291,
75206,60346525,32.824244,-96.77876,"$940,000",For sale,"5328 Vanderbilt Ave, Dallas, TX 75206",4,5,3270,,Single Family,2005,Forced air,Central,2 spaces,"7,230 sqft",$287,
75206,26690816,32.818458,-96.775117,"$420,000",For sale,"5455 Bonita Ave, Dallas, TX 75206",2,1,1248,411399,Single Family,1960,Other,Central,No Data,"2,613 sqft",$337,"[{'date': '5/22/2019', 'event': 'Listed for sale', 'price': '$420,000--'}]"
75206,26732202,32.837248,-96.766876,"$378,900",For sale,"5820 Palm Ln, Dallas, TX 75206",3,2,1283,388433,Single Family,1945,Forced air,Central,1 space,"6,708 sqft",$295,"[{'date': '5/21/2019', 'event': 'Listed for sale', 'price': '$378,900(-2.6%)'}, {'date': '3/29/2019', 'event': 'Listing removed', 'price': '$388,900--'}, {'date': '3/21/2019', 'event': 'Price change', 'price': '$388,900(-2.4%)'}, {'date': '1/30/2019', 'event': 'Price change', 'price': '$398,500(-2.8%)'}, {'date': '1/7/2019', 'event': 'Price change', 'price': '$409,900(-1.2%)'}]"
75206,69674910,32.814774,-96.775611,"$699,000",For sale,"2020 Cullen Dr, Dallas, TX 75206",4,3,2201,,Single Family,2005,Forced air,Central,2 spaces,"7,492 sqft",$318,
75206,26704474,32.829318,-96.778761,"$1,050,000",For sale,"5323 Morningside Ave, Dallas, TX 75206",4,3,3703,,Single Family,2010,Forced air,Central,2 spaces,"7,797 sqft",$284,
75206,26690816,32.818458,-96.775117,"$420,000",For sale,"5455 Bonita Ave, Dallas, TX 75206",2,1,1248,411399,Single Family,1960,Other,Central,No Data,"2,613 sqft",$337,"[{'date': '5/22/2019', 'event': 'Listed for sale', 'price': '$420,000--'}]"
75206,26732202,32.837248,-96.766876,"$378,900",For sale,"5820 Palm Ln, Dallas, TX 75206",3,2,1283,,Single Family,1945,Forced air,Central,1 space,"6,708 sqft",$295,
75206,69674910,32.814774,-96.775611,"$699,000",For sale,"2020 Cullen Dr, Dallas, TX 75206",4,3,2201,430309,Single Family,2005,Forced air,Central,2 spaces,"7,492 sqft",$318,"[{'date': '5/21/2019', 'event': 'Listed for sale', 'price': '$699,000(+115.1%)'}, {'date': '7/23/2013', 'event': 'Sold', 'price': '----'}, {'date': '6/1/2013', 'event': 'Listed for sale', 'price': '$325,000(-1.5%)'}, {'date': '6/23/2012', 'event': 'Listing removed', 'price': '$330,000--'}, {'date': '5/1/2012', 'event': 'Listed for sale', 'price': '$330,000--'}]"
75206,26704474,32.829318,-96.778761,"$1,050,000",For sale,"5323 Morningside Ave, Dallas, TX 75206",4,3,3703,,Single Family,2010,Forced air,Central,2 spaces,"7,797 sqft",$284,
75206,26689867,32.816383,-96.766228,"$399,900",For sale,"5843 Richmond Ave, Dallas, TX 75206",3,2,1891,414654,Single Family,1926,Forced air,Central,1 space,"9,147 sqft",$211,"[{'date': '5/18/2019', 'event': 'Listed for sale', 'price': '$399,900(-9.1%)'}, {'date': '2/23/2019', 'event': 'Listing removed', 'price': '$440,000--'}, {'date': '9/19/2018', 'event': 'Listed for sale', 'price': '$440,000--'}]"
75206,26692175,32.817527,-96.784898,"$625,000",For sale,"5103 Alcott St, Dallas, TX 75206",3,4,2148,,Single Family,1940,Forced air,Central,2 spaces,"5,227 sqft",$291,
75206,60346525,32.824244,-96.77876,"$940,000",For sale,"5328 Vanderbilt Ave, Dallas, TX 75206",4,5,3270,,Single Family,2005,Forced air,Central,2 spaces,"7,230 sqft",$287,
75206,26690726,32.819975,-96.774943,"$485,000",For sale,"5458 Willis Ave, Dallas, TX 75206",3,2,1434,,Single Family,1930,Forced air,Central,2 spaces,"7,797 sqft",$338,
75206,26695585,32.823763,-96.783302,"$590,000",For sale,"5137 Goodwin Ave, Dallas, TX 75206",3,3,2057,,Single Family,1926,Forced air,"Central, Other",1 space,"8,189 sqft",$287,
75206,26690816,32.818458,-96.775117,"$420,000",For sale,"5455 Bonita Ave, Dallas, TX 75206",2,1,1248,411399,Single Family,1960,Other,Central,No Data,"2,613 sqft",$337,"[{'date': '5/22/2019', 'event': 'Listed for sale', 'price': '$420,000--'}]"
75206,26732202,32.837248,-96.766876,"$378,900",For sale,"5820 Palm Ln, Dallas, TX 75206",3,2,1283,388433,Single Family,1945,Forced air,Central,1 space,"6,708 sqft",$295,"[{'date': '5/21/2019', 'event': 'Listed for sale', 'price': '$378,900(-2.6%)'}, {'date': '3/29/2019', 'event': 'Listing removed', 'price': '$388,900--'}, {'date': '3/21/2019', 'event': 'Price change', 'price': '$388,900(-2.4%)'}, {'date': '1/30/2019', 'event': 'Price change', 'price': '$398,500(-2.8%)'}, {'date': '1/7/2019', 'event': 'Price change', 'price': '$409,900(-1.2%)'}]"
75206,69674910,32.814774,-96.775611,"$699,000",For sale,"2020 Cullen Dr, Dallas, TX 75206",4,3,2201,,Single Family,2005,Forced air,Central,2 spaces,"7,492 sqft",$318,
75206,26704474,32.829318,-96.778761,"$1,050,000",For sale,"5323 Morningside Ave, Dallas, TX 75206",4,3,3703,974180,Single Family,2010,Forced air,Central,2 spaces,"7,797 sqft",$284,"[{'date': '5/20/2019', 'event': 'Listed for sale', 'price': '$1,050,000(+16.8%)'}, {'date': '4/13/2016', 'event': 'Listing removed', 'price': '$899,000--'}, {'date': '3/17/2016', 'event': 'Pending sale', 'price': '$899,000--'}, {'date': '3/2/2016', 'event': 'Price change', 'price': '$899,000(-3.2%)'}, {'date': '2/11/2016', 'event': 'Listed for sale', 'price': '$929,000--'}]"
75206,26689867,32.816383,-96.766228,"$399,900",For sale,"5843 Richmond Ave, Dallas, TX 75206",3,2,1891,414654,Single Family,1926,Forced air,Central,1 space,"9,147 sqft",$211,
75206,26692175,32.817527,-96.784898,"$625,000",For sale,"5103 Alcott St, Dallas, TX 75206",3,4,2148,578216,Single Family,1940,Forced air,Central,2 spaces,"5,227 sqft",$291,
